{"loss": [1.36758553981781, 0.4409773647785187, 0.2647871971130371, 0.18336546421051025, 0.13435772061347961], "accuracy": [0.5978803634643555, 0.8598193526268005, 0.9143751263618469, 0.9402233362197876, 0.9561135172843933], "val_loss": [0.4851057529449463, 0.3832760453224182, 0.23585745692253113, 0.21193699538707733, 0.15582169592380524], "val_accuracy": [0.8498747944831848, 0.8774755001068115, 0.9209538102149963, 0.9309127926826477, 0.9504324793815613]}